<?xml version="1.0" encoding="UTF-8"?>
<body>
<!-- This is TEMPLATE file to show you how to setup your own XML file -->
<!-- Make your changes as you need, and then save it as "myconfig.xml" then use like this -->
<!-- python qpsa.py image=myfile.mbn xml=myconfig.xml -->
<SW_ID>0x0000000000000000</SW_ID>
<OEM_ID>0x0000</OEM_ID>
<MODEL_ID>0x0000</MODEL_ID>
<MSM_PART>0x00000000</MSM_PART>
<PART_NAME>DefaultPart</PART_NAME>
<HASH_ALG>SHA256</HASH_ALG> 
<DEBUG>0x0000000000000000</DEBUG>

<C>US</C>
<ST>California</ST>
<L>San Diego</L>
<O>ASIC</O>
<CN>Qualcomm Platform Signing Application User</CN>
</body> 

